sample_index,timestamp_ms,ax_raw,ay_raw,az_raw
113201,1132023,1002,16378,-4436
113202,1132033,1000,16362,-4480
113203,1132043,1030,16290,-4390
113204,1132053,954,16232,-4322
113205,1132063,1002,16276,-4310
113206,1132073,958,16286,-4404
113207,1132083,1008,16322,-4488
113208,1132093,986,16408,-4602
113209,1132103,1024,16394,-4550
113210,1132113,996,16382,-4398
113211,1132123,984,16358,-4416
113212,1132133,976,16310,-4464
113213,1132143,950,16276,-4392
113214,1132153,1008,16264,-4468
113215,1132163,1028,16252,-4460
113216,1132173,1026,16286,-4462
113217,1132183,964,16340,-4372
113218,1132193,934,16356,-4436
113219,1132203,1024,16338,-4428
113220,1132213,1042,16334,-4464
113221,1132223,1030,16274,-4472
113222,1132233,974,16360,-4448
113223,1132243,978,16320,-4448
113224,1132253,982,16358,-4382
113225,1132263,1020,16302,-4428
113226,1132273,1008,16308,-4402
113227,1132283,976,16286,-4454
113228,1132293,1002,16300,-4502
113229,1132303,986,16294,-4384
113230,1132313,996,16284,-4438
113231,1132323,968,16316,-4478
113232,1132333,962,16286,-4446
113233,1132343,952,16318,-4370
113234,1132353,982,16318,-4444
113235,1132363,996,16342,-4412
113236,1132373,1048,16382,-4512
113237,1132383,986,16388,-4508
113238,1132393,1020,16250,-4420
113239,1132403,1006,16328,-4464
113240,1132413,1028,16252,-4412
113241,1132423,950,16296,-4428
113242,1132433,1046,16260,-4420
113243,1132443,940,16280,-4384
113244,1132453,994,16334,-4510
113245,1132463,1024,16344,-4486
113246,1132473,1020,16402,-4440
113247,1132483,978,16428,-4512
113248,1132493,924,16370,-4436
113249,1132503,956,16302,-4502
113250,1132513,1010,16260,-4480
113251,1132523,1000,16334,-4426
113252,1132533,986,16326,-4450
113253,1132543,982,16290,-4442
113254,1132553,1042,16340,-4562
113255,1132563,966,16272,-4530
113256,1132573,980,16300,-4398
113257,1132583,948,16324,-4410
113258,1132593,996,16338,-4506
113259,1132603,1058,16316,-4406
113260,1132613,972,16330,-4592
113261,1132623,952,16334,-4412
113262,1132633,978,16322,-4560
113263,1132643,964,16282,-4372
113264,1132653,1018,16354,-4558
113265,1132663,1046,16304,-4444
113266,1132673,986,16370,-4384
113267,1132683,986,16338,-4388
113268,1132693,972,16340,-4404
113269,1132703,998,16410,-4502
113270,1132713,954,16318,-4434
113271,1132723,1004,16294,-4364
113272,1132733,1006,16348,-4518
113273,1132743,918,16270,-4418
113274,1132753,994,16344,-4484
113275,1132763,946,16358,-4476
113276,1132773,974,16274,-4528
113277,1132783,976,16252,-4438
113278,1132793,966,16268,-4452
113279,1132803,1070,16350,-4450
113280,1132813,998,16336,-4394
113281,1132823,1000,16378,-4370
113282,1132833,998,16324,-4568
113283,1132843,922,16330,-4420
113284,1132853,980,16338,-4670
113285,1132863,936,16308,-4448
113286,1132873,998,16304,-4314
113287,1132883,976,16308,-4438
113288,1132893,924,16302,-4396
113289,1132903,1048,16292,-4404
113290,1132913,934,16326,-4436
113291,1132923,1054,16322,-4512
113292,1132933,1088,16328,-4556
113293,1132943,938,16352,-4574
113294,1132953,1078,16370,-4350
113295,1132963,974,16298,-4478
113296,1132973,934,16314,-4530
113297,1132983,994,16288,-4376
113298,1132993,996,16284,-4382
113299,1133003,894,16254,-4486
113300,1133013,860,16292,-4386
113301,1133023,936,16354,-4474
113302,1133033,934,16312,-4526
113303,1133043,1010,16346,-4474
113304,1133053,942,16358,-4502
113305,1133063,918,16306,-4478
113306,1133073,980,16322,-4470
113307,1133083,954,16308,-4376
113308,1133093,948,16332,-4418
113309,1133103,950,16356,-4466
113310,1133113,948,16292,-4524
113311,1133123,1118,16284,-4418
113312,1133133,850,16272,-4462
113313,1133143,1064,16286,-4498
113314,1133153,966,16316,-4578
113315,1133163,932,16306,-4410
113316,1133173,958,16382,-4500
113317,1133183,956,16368,-4436
113318,1133193,1076,16306,-4410
113319,1133203,1066,16278,-4466
113320,1133213,934,16262,-4408
113321,1133223,1008,16338,-4514
113322,1133233,964,16370,-4408
113323,1133243,948,16358,-4404
113324,1133253,1012,16324,-4412
113325,1133263,1032,16308,-4562
113326,1133273,1050,16298,-4500
113327,1133283,912,16300,-4392
113328,1133293,966,16350,-4488
113329,1133303,1038,16386,-4488
113330,1133313,938,16338,-4430
113331,1133323,1036,16310,-4382
113332,1133333,966,16224,-4428
113333,1133343,946,16282,-4444
113334,1133353,988,16296,-4508
113335,1133363,984,16324,-4686
113336,1133373,1008,16376,-4454
113337,1133383,1078,16368,-4538
113338,1133393,926,16302,-4426
113339,1133403,1016,16314,-4544
113340,1133413,992,16286,-4422
113341,1133423,988,16286,-4336
113342,1133433,1002,16306,-4500
113343,1133443,974,16360,-4416
113344,1133453,982,16370,-4620
113345,1133463,1010,16338,-4484
113346,1133473,1004,16314,-4522
113347,1133483,1036,16274,-4514
113348,1133493,1008,16268,-4400
113349,1133503,972,16340,-4506
113350,1133513,940,16302,-4502
113351,1133523,960,16316,-4410
113352,1133533,930,16336,-4458
113353,1133543,988,16336,-4496
113354,1133553,970,16312,-4526
113355,1133563,1020,16420,-4590
113356,1133573,980,16376,-4520
113357,1133583,998,16322,-4326
113358,1133593,980,16302,-4438
113359,1133603,1030,16326,-4522
113360,1133613,1034,16298,-4404
113361,1133623,1110,16266,-4392
113362,1133633,952,16210,-4370
113363,1133643,998,16270,-4466
113364,1133653,932,16340,-4498
113365,1133663,970,16364,-4494
113366,1133673,1048,16380,-4416
113367,1133683,1004,16382,-4624
113368,1133693,1012,16350,-4476
113369,1133703,972,16282,-4482
113370,1133713,1010,16300,-4432
113371,1133723,994,16298,-4450
113372,1133733,970,16320,-4396
113373,1133743,1000,16300,-4406
113374,1133753,1002,16368,-4470
113375,1133763,1066,16346,-4408
113376,1133773,998,16282,-4306
113377,1133783,1012,16350,-4464
113378,1133793,1022,16340,-4486
113379,1133803,1016,16306,-4480
113380,1133813,1046,16348,-4460
113381,1133823,950,16330,-4432
113382,1133833,1000,16298,-4468
113383,1133843,1024,16280,-4466
113384,1133853,940,16272,-4444
113385,1133863,1046,16336,-4450
113386,1133873,918,16268,-4376
113387,1133883,972,16348,-4518
113388,1133893,884,16256,-4434
113389,1133903,1014,16362,-4382
113390,1133913,988,16340,-4440
113391,1133923,974,16268,-4394
113392,1133933,1046,16316,-4436
113393,1133943,1004,16350,-4490
113394,1133953,1014,16398,-4456
113395,1133963,994,16428,-4506
113396,1133973,1060,16420,-4546
113397,1133983,1006,16274,-4648
113398,1133993,966,16366,-4234
113399,1134003,972,16354,-4454
113400,1134013,1006,16364,-4560
113401,1134023,920,16370,-4484
113402,1134033,1044,16298,-4494
113403,1134043,1020,16172,-4314
113404,1134053,1018,16124,-4282
113405,1134063,1010,16090,-4406
113406,1134073,996,16188,-4280
113407,1134083,986,16414,-4394
113408,1134093,1000,16430,-4554
113409,1134103,984,16400,-4492
113410,1134113,1012,16376,-4452
113411,1134123,1018,16326,-4430
113412,1134133,1030,16314,-4532
113413,1134143,1062,16268,-4446
113414,1134153,1018,16292,-4446
113415,1134163,1022,16324,-4454
113416,1134173,964,16306,-4518
113417,1134183,998,16312,-4508
113418,1134193,976,16348,-4482
113419,1134203,958,16360,-4456
113420,1134213,984,16330,-4430
113421,1134223,1050,16322,-4496
113422,1134233,970,16348,-4590
113423,1134243,1040,16348,-4466
113424,1134253,958,16296,-4408
113425,1134263,932,16382,-4492
113426,1134273,970,16318,-4386
113427,1134283,1028,16310,-4388
113428,1134293,960,16256,-4514
113429,1134303,988,16296,-4426
113430,1134313,988,16354,-4404
113431,1134323,1028,16236,-4376
113432,1134333,1010,16294,-4496
113433,1134343,1000,16238,-4372
113434,1134353,948,16258,-4452
113435,1134363,986,16336,-4528
113436,1134373,972,16404,-4568
113437,1134383,1042,16352,-4626
113438,1134393,944,16332,-4422
113439,1134403,960,16320,-4382
113440,1134413,956,16344,-4426
113441,1134423,984,16348,-4510
113442,1134433,978,16352,-4476
113443,1134443,930,16330,-4580
113444,1134453,970,16360,-4530
113445,1134463,940,16342,-4462
113446,1134473,966,16328,-4420
113447,1134483,996,16238,-4518
113448,1134493,946,16282,-4482
113449,1134503,1004,16328,-4598
113450,1134513,964,16362,-4520
113451,1134523,962,16342,-4512
113452,1134533,990,16318,-4408
113453,1134543,948,16294,-4534
113454,1134553,1018,16304,-4410
113455,1134563,958,16292,-4468
113456,1134573,1016,16360,-4606
113457,1134583,1008,16304,-4518
113458,1134593,944,16312,-4384
113459,1134603,1024,16330,-4468
113460,1134613,910,16234,-4378
113461,1134623,1032,16270,-4438
113462,1134633,942,16300,-4470
113463,1134643,930,16274,-4462
113464,1134653,994,16328,-4482
113465,1134663,1050,16380,-4570
113466,1134673,982,16384,-4568
113467,1134683,974,16342,-4560
113468,1134693,946,16352,-4616
113469,1134703,976,16314,-4596
113470,1134713,1000,16262,-4290
113471,1134723,982,16296,-4422
113472,1134733,966,16298,-4356
113473,1134743,988,16320,-4602
113474,1134753,994,16330,-4488
113475,1134763,984,16324,-4522
113476,1134773,998,16334,-4522
113477,1134783,992,16366,-4470
113478,1134793,964,16284,-4418
113479,1134803,1018,16274,-4458
113480,1134813,988,16316,-4528
113481,1134823,1060,16378,-4460
113482,1134833,962,16334,-4564
113483,1134843,940,16328,-4442
113484,1134853,1010,16320,-4522
113485,1134863,970,16300,-4436
113486,1134873,974,16350,-4376
113487,1134883,962,16354,-4452
113488,1134893,1000,16316,-4498
113489,1134903,996,16330,-4508
113490,1134913,964,16300,-4512
113491,1134923,980,16380,-4498
113492,1134933,1026,16388,-4470
113493,1134943,972,16346,-4618
113494,1134953,1002,16306,-4446
113495,1134963,940,16290,-4460
113496,1134973,1076,16314,-4478
113497,1134983,1056,16360,-4500
113498,1134993,1006,16318,-4492
113499,1135003,958,16276,-4514
113500,1135013,956,16316,-4418
113501,1135023,1004,16326,-4514
113502,1135033,958,16338,-4474
113503,1135043,1006,16344,-4516
113504,1135053,1002,16306,-4418
113505,1135063,1014,16344,-4532
113506,1135073,960,16286,-4460
113507,1135083,924,16346,-4586
113508,1135093,988,16300,-4430
113509,1135103,988,16332,-4440
113510,1135113,990,16336,-4454
113511,1135123,952,16314,-4562
113512,1135133,1002,16346,-4462
113513,1135143,1100,16302,-4568
113514,1135153,1024,16324,-4456
113515,1135163,1050,16316,-4480
113516,1135173,996,16332,-4424
113517,1135183,1014,16328,-4534
113518,1135193,984,16346,-4466
113519,1135203,1010,16346,-4590
113520,1135213,1042,16364,-4504
113521,1135223,1086,16344,-4502
113522,1135233,1030,16264,-4500
113523,1135243,1036,16286,-4462
113524,1135253,998,16306,-4546
113525,1135263,962,16258,-4432
113526,1135273,980,16312,-4406
113527,1135283,920,16358,-4464
113528,1135293,958,16396,-4494
113529,1135303,990,16374,-4648
113530,1135313,1032,16384,-4500
113531,1135323,996,16302,-4366
113532,1135333,898,16312,-4602
113533,1135343,972,16312,-4528
113534,1135353,1010,16266,-4484
113535,1135363,990,16328,-4466
113536,1135373,1018,16328,-4450
113537,1135383,950,16354,-4530
113538,1135393,988,16306,-4576
113539,1135403,970,16330,-4542
113540,1135413,1010,16334,-4374
113541,1135423,1000,16316,-4588
113542,1135433,964,16364,-4508
113543,1135443,978,16292,-4502
113544,1135453,1032,16280,-4504
113545,1135463,1046,16278,-4446
113546,1135473,960,16312,-4432
113547,1135483,1066,16310,-4490
113548,1135493,1014,16360,-4594
113549,1135503,948,16314,-4386
113550,1135513,960,16272,-4374
113551,1135523,1006,16236,-4442
113552,1135533,1030,16254,-4438
113553,1135543,2068,16408,-4282
113554,1135553,336,16226,-4744
113555,1135563,950,16382,-4604
113556,1135573,756,16374,-4678
113557,1135583,798,16438,-4608
113558,1135593,956,16350,-4584
113559,1135603,984,16336,-4476
113560,1135613,976,16316,-4432
113561,1135623,954,16292,-4512
113562,1135633,968,16348,-4642
113563,1135643,976,16300,-4556
113564,1135653,1014,16284,-4466
113565,1135663,924,16328,-4478
113566,1135673,936,16358,-4598
113567,1135683,1002,16296,-4520
113568,1135693,940,16276,-4542
113569,1135703,896,16322,-4452
113570,1135713,1030,16302,-4534
113571,1135723,952,16298,-4460
113572,1135733,1038,16380,-4608
113573,1135743,878,16340,-4538
113574,1135753,984,16332,-4510
113575,1135763,968,16282,-4480
113576,1135773,1036,16334,-4536
113577,1135783,1018,16378,-4482
113578,1135793,980,16420,-4642
113579,1135803,994,16408,-4478
113580,1135813,1000,16302,-4444
113581,1135823,1012,16300,-4486
113582,1135833,1016,16264,-4536
113583,1135843,1030,16372,-4610
113584,1135853,956,16302,-4458
113585,1135863,1006,16252,-4456
113586,1135873,1030,16252,-4508
113587,1135883,966,16262,-4420
113588,1135893,978,16362,-4566
113589,1135903,946,16364,-4524
113590,1135913,980,16352,-4586
113591,1135923,944,16360,-4510
113592,1135933,984,16304,-4398
113593,1135943,944,16262,-4546
113594,1135953,996,16336,-4456
113595,1135963,944,16290,-4494
113596,1135973,948,16364,-4510
113597,1135983,1046,16334,-4568
113598,1135993,946,16352,-4512
113599,1136003,992,16314,-4424
113600,1136013,972,16316,-4548
113601,1136023,942,16320,-4544
113602,1136033,992,16282,-4452
113603,1136043,1014,16330,-4552
113604,1136053,988,16288,-4412
113605,1136063,980,16306,-4556
113606,1136073,1018,16310,-4406
113607,1136083,1002,16300,-4484
113608,1136093,978,16344,-4476
113609,1136103,976,16342,-4468
113610,1136113,980,16314,-4412
113611,1136123,948,16322,-4486
113612,1136133,950,16282,-4492
113613,1136143,982,16286,-4464
113614,1136153,986,16356,-4420
113615,1136163,1006,16266,-4450
113616,1136173,966,16294,-4452
113617,1136183,966,16306,-4486
113618,1136193,972,16364,-4534
113619,1136203,988,16370,-4666
113620,1136213,942,16382,-4656
113621,1136223,1042,16308,-4596
113622,1136233,984,16324,-4536
113623,1136243,996,16322,-4508
113624,1136253,908,16312,-4548
113625,1136263,960,16312,-4598
113626,1136273,950,16342,-4474
113627,1136283,956,16256,-4492
113628,1136293,998,16302,-4546
113629,1136303,1002,16362,-4502
113630,1136313,966,16326,-4542
113631,1136323,950,16306,-4572
113632,1136333,982,16312,-4532
113633,1136343,1004,16296,-4358
113634,1136353,988,16318,-4578
113635,1136363,1016,16342,-4656
113636,1136373,954,16306,-4484
113637,1136383,994,16300,-4556
113638,1136393,926,16290,-4502
113639,1136403,958,16336,-4412
113640,1136413,1046,16346,-4548
113641,1136423,1024,16322,-4496
113642,1136433,914,16328,-4636
113643,1136443,974,16318,-4568
113644,1136453,952,16316,-4408
113645,1136463,976,16332,-4514
113646,1136473,972,16338,-4542
113647,1136483,954,16300,-4602
113648,1136493,960,16332,-4420
113649,1136503,1012,16342,-4526
113650,1136513,974,16344,-4564
113651,1136523,946,16290,-4408
113652,1136533,982,16278,-4494
113653,1136543,1002,16332,-4538
113654,1136553,966,16332,-4530
113655,1136563,976,16356,-4576
113656,1136573,954,16264,-4576
113657,1136583,952,16298,-4384
113658,1136593,1022,16300,-4446
113659,1136603,1012,16358,-4356
113660,1136613,964,16296,-4538
113661,1136623,976,16324,-4598
113662,1136633,988,16324,-4570
113663,1136643,990,16396,-4538
113664,1136653,954,16388,-4476
113665,1136663,1006,16274,-4444
113666,1136673,1000,16246,-4430
113667,1136683,972,16342,-4464
113668,1136693,1014,16334,-4474
113669,1136703,976,16376,-4636
113670,1136713,928,16372,-4614
113671,1136723,998,16358,-4606
113672,1136733,988,16302,-4384
113673,1136743,980,16328,-4530
113674,1136753,992,16326,-4468
113675,1136763,972,16366,-4542
113676,1136773,966,16346,-4502
113677,1136783,990,16336,-4538
113678,1136793,914,16340,-4522
113679,1136803,1024,16276,-4596
113680,1136813,962,16302,-4434
113681,1136823,962,16294,-4568
113682,1136833,940,16366,-4468
113683,1136843,996,16370,-4506
113684,1136853,998,16306,-4470
113685,1136863,938,16370,-4504
113686,1136873,966,16332,-4544
113687,1136883,958,16310,-4576
113688,1136893,990,16256,-4362
113689,1136903,980,16342,-4538
113690,1136913,1050,16310,-4452
113691,1136923,1036,16378,-4464
113692,1136933,950,16384,-4598
113693,1136943,930,16336,-4542
113694,1136953,960,16278,-4432
113695,1136963,984,16302,-4470
113696,1136973,984,16298,-4556
113697,1136983,1002,16342,-4506
113698,1136993,958,16340,-4570
113699,1137003,992,16362,-4538
113700,1137013,998,16346,-4452
113701,1137023,978,16354,-4512
113702,1137033,1046,16294,-4408
113703,1137043,984,16284,-4486
113704,1137053,992,16322,-4416
113705,1137063,1004,16324,-4596
113706,1137073,940,16336,-4574
113707,1137083,974,16350,-4550
113708,1137093,990,16330,-4622
113709,1137103,1016,16310,-4560
113710,1137113,1006,16324,-4426
113711,1137123,958,16300,-4480
113712,1137133,1006,16292,-4622
113713,1137143,948,16316,-4478
113714,1137153,996,16334,-4522
113715,1137163,936,16356,-4588
113716,1137173,920,16356,-4664
113717,1137183,986,16352,-4560
113718,1137193,982,16308,-4458
113719,1137203,992,16290,-4494
113720,1137213,998,16302,-4634
113721,1137223,984,16314,-4428
113722,1137233,1022,16308,-4484
113723,1137243,1040,16310,-4506
113724,1137253,1038,16352,-4538
113725,1137263,1014,16298,-4464
113726,1137273,974,16334,-4536
113727,1137283,948,16352,-4554
113728,1137293,944,16356,-4604
113729,1137303,1010,16342,-4542
113730,1137313,972,16328,-4472
113731,1137323,966,16270,-4516
113732,1137333,906,16334,-4422
113733,1137343,960,16292,-4420
113734,1137353,964,16314,-4712
113735,1137363,906,16304,-4484
113736,1137373,1020,16366,-4464
113737,1137383,1006,16316,-4500
113738,1137393,980,16338,-4566
113739,1137403,1020,16340,-4460
113740,1137413,978,16290,-4492
113741,1137423,970,16340,-4520
113742,1137433,1034,16368,-4530
113743,1137443,1006,16368,-4508
113744,1137453,996,16314,-4516
113745,1137463,994,16334,-4574
113746,1137473,1014,16298,-4492
113747,1137483,1016,16288,-4460
113748,1137493,1004,16290,-4432
113749,1137503,988,16344,-4526
113750,1137513,992,16340,-4552
113751,1137523,980,16352,-4524
113752,1137533,990,16320,-4606
113753,1137543,954,16328,-4404
113754,1137553,1004,16346,-4612
113755,1137563,962,16290,-4472
113756,1137573,1008,16298,-4440
113757,1137583,966,16358,-4498
113758,1137593,974,16346,-4460
113759,1137603,936,16330,-4580
113760,1137613,940,16314,-4538
113761,1137623,1016,16308,-4540
113762,1137633,966,16294,-4398
113763,1137643,972,16312,-4498
113764,1137653,976,16298,-4500
113765,1137663,1066,16342,-4598
113766,1137673,1032,16360,-4558
113767,1137683,992,16300,-4510
113768,1137693,1072,16382,-4526
113769,1137703,1102,16270,-4480
113770,1137713,986,16344,-4520
113771,1137723,932,16322,-4606
113772,1137733,984,16320,-4508
113773,1137743,1032,16332,-4544
113774,1137753,982,16364,-4550
113775,1137763,1058,16324,-4626
113776,1137773,986,16338,-4532
113777,1137783,972,16332,-4436
113778,1137793,1030,16316,-4504
113779,1137803,998,16336,-4470
113780,1137813,1040,16320,-4576
113781,1137823,972,16324,-4558
113782,1137833,1018,16318,-4558
113783,1137843,984,16404,-4572
113784,1137853,942,16296,-4474
113785,1137863,956,16302,-4414
113786,1137873,962,16316,-4520
113787,1137883,990,16320,-4502
113788,1137893,972,16346,-4514
113789,1137903,994,16330,-4564
113790,1137913,1008,16364,-4538
113791,1137923,990,16332,-4556
113792,1137933,1018,16308,-4500
113793,1137943,978,16324,-4466
113794,1137953,1008,16360,-4568
113795,1137963,918,16324,-4598
113796,1137973,900,16354,-4482
113797,1137983,1028,16348,-4664
113798,1137993,862,16308,-4486
113799,1138003,892,16302,-4532
113800,1138013,884,16322,-4604
113801,1138023,1024,16348,-4448
113802,1138033,908,16286,-4524
113803,1138043,1052,16282,-4510
113804,1138053,972,16254,-4402
113805,1138063,974,16324,-4496
113806,1138073,918,16332,-4534
113807,1138083,1010,16348,-4446
113808,1138093,948,16256,-4514
113809,1138103,886,16318,-4528
113810,1138113,906,16306,-4478
113811,1138123,878,16304,-4536
113812,1138133,988,16354,-4644
113813,1138143,942,16312,-4474
113814,1138153,1002,16334,-4470
113815,1138163,1030,16312,-4552
113816,1138173,1008,16320,-4490
113817,1138183,966,16304,-4514
113818,1138193,1016,16322,-4546
113819,1138203,992,16300,-4520
113820,1138213,982,16352,-4490
113821,1138223,1002,16300,-4474
113822,1138233,970,16338,-4544
113823,1138243,1078,16390,-4564
113824,1138253,982,16304,-4650
113825,1138263,978,16316,-4500
113826,1138273,1018,16378,-4460
113827,1138283,990,16282,-4484
113828,1138293,986,16324,-4502
113829,1138303,960,16334,-4424
113830,1138313,976,16310,-4534
113831,1138323,928,16332,-4562
113832,1138333,988,16302,-4598
113833,1138343,978,16352,-4568
113834,1138353,1002,16342,-4460
113835,1138363,982,16340,-4596
113836,1138373,940,16316,-4378
113837,1138383,982,16352,-4558
113838,1138393,924,16348,-4470
113839,1138403,964,16316,-4528
113840,1138413,1014,16306,-4500
113841,1138423,998,16352,-4456
113842,1138433,970,16332,-4562
113843,1138443,954,16372,-4440
113844,1138453,990,16316,-4508
113845,1138463,1002,16308,-4506
113846,1138473,1000,16346,-4670
113847,1138483,986,16360,-4478
113848,1138493,954,16422,-4640
113849,1138503,906,16412,-4526
113850,1138513,988,16352,-4566
113851,1138523,944,16310,-4474
113852,1138533,914,16212,-4504
113853,1138543,892,16208,-4416
113854,1138553,1044,16276,-4494
113855,1138563,1024,16348,-4452
113856,1138573,974,16342,-4576
113857,1138583,938,16354,-4684
113858,1138593,930,16348,-4624
113859,1138603,1000,16400,-4524
113860,1138613,1074,16354,-4572
113861,1138623,1068,16330,-4556
113862,1138633,988,16346,-4514
113863,1138643,1060,16316,-4458
113864,1138653,988,16272,-4534
113865,1138663,1028,16254,-4552
113866,1138673,930,16282,-4498
113867,1138683,936,16328,-4456
113868,1138693,1096,16354,-4564
113869,1138703,1052,16344,-4514
113870,1138713,956,16370,-4528
113871,1138723,1056,16384,-4546
113872,1138733,968,16326,-4514
113873,1138743,996,16358,-4536
113874,1138753,1046,16286,-4484
113875,1138763,948,16256,-4448
113876,1138773,972,16326,-4428
113877,1138783,1026,16360,-4540
113878,1138793,1006,16386,-4498
113879,1138803,984,16358,-4540
113880,1138813,970,16360,-4528
113881,1138823,950,16250,-4530
113882,1138833,974,16220,-4558
113883,1138843,1012,16290,-4410
113884,1138853,1012,16322,-4452
113885,1138863,934,16334,-4634
113886,1138873,966,16368,-4562
113887,1138883,1072,16368,-4576
113888,1138893,970,16312,-4596
113889,1138903,1018,16320,-4512
113890,1138913,974,16278,-4548
113891,1138923,950,16280,-4334
113892,1138933,1012,16328,-4504
113893,1138943,968,16362,-4508
113894,1138953,950,16392,-4574
113895,1138963,988,16368,-4518
113896,1138973,1044,16330,-4594
113897,1138983,960,16306,-4600
113898,1138993,1032,16336,-4450
113899,1139003,936,16318,-4434
113900,1139013,960,16306,-4512
113901,1139023,968,16324,-4536
113902,1139033,1018,16354,-4486
113903,1139043,952,16310,-4520
113904,1139053,1028,16326,-4484
113905,1139063,978,16342,-4498
113906,1139073,998,16296,-4550
113907,1139083,988,16284,-4452
113908,1139093,968,16290,-4520
113909,1139103,1016,16320,-4420
113910,1139113,934,16330,-4494
113911,1139123,982,16326,-4500
113912,1139133,986,16398,-4528
113913,1139143,1014,16384,-4460
113914,1139153,994,16360,-4528
113915,1139163,950,16288,-4464
113916,1139173,990,16308,-4536
113917,1139183,1038,16310,-4424
113918,1139193,946,16256,-4512
113919,1139203,1018,16350,-4440
113920,1139213,982,16408,-4510
113921,1139223,1028,16362,-4526
113922,1139233,986,16366,-4576
113923,1139243,988,16304,-4594
113924,1139253,1032,16286,-4578
113925,1139263,1036,16262,-4580
113926,1139273,984,16310,-4486
113927,1139283,960,16324,-4466
113928,1139293,998,16400,-4638
113929,1139303,1030,16320,-4508
113930,1139313,1020,16312,-4458
113931,1139323,874,16258,-4432
113932,1139333,1020,16308,-4520
113933,1139343,998,16318,-4380
113934,1139353,1010,16366,-4444
113935,1139363,1034,16358,-4540
113936,1139373,998,16334,-4620
113937,1139383,1038,16324,-4502
113938,1139393,904,16294,-4468
113939,1139403,972,16282,-4506
113940,1139413,966,16284,-4446
113941,1139423,918,16286,-4536
113942,1139433,946,16348,-4504
113943,1139443,1020,16358,-4438
113944,1139453,998,16322,-4536
113945,1139463,1006,16330,-4566
113946,1139473,1004,16322,-4510
113947,1139483,996,16294,-4528
113948,1139493,998,16276,-4512
113949,1139503,1014,16310,-4458
113950,1139513,1012,16350,-4588
113951,1139523,1016,16368,-4536
113952,1139533,970,16352,-4566
113953,1139543,994,16326,-4540
113954,1139553,1042,16326,-4452
113955,1139563,1046,16308,-4558
113956,1139573,966,16254,-4428
113957,1139583,976,16310,-4590
113958,1139593,976,16296,-4390
113959,1139603,986,16368,-4548
113960,1139613,968,16350,-4612
113961,1139623,930,16364,-4434
113962,1139633,972,16334,-4604
113963,1139643,1006,16320,-4528
113964,1139653,1014,16242,-4442
113965,1139663,994,16284,-4508
113966,1139673,1014,16322,-4532
113967,1139683,996,16350,-4512
113968,1139693,1020,16324,-4512
113969,1139703,970,16338,-4422
113970,1139713,990,16304,-4548
113971,1139723,1084,16322,-4492
113972,1139733,986,16324,-4426
113973,1139743,1022,16364,-4598
113974,1139753,962,16324,-4418
113975,1139763,1016,16296,-4438
113976,1139773,964,16284,-4518
113977,1139783,996,16352,-4606
113978,1139793,900,16350,-4482
113979,1139803,1012,16394,-4646
113980,1139813,1008,16328,-4486
113981,1139823,1008,16380,-4594
113982,1139833,992,16328,-4560
113983,1139843,958,16332,-4492
113984,1139853,1012,16352,-4620
113985,1139863,980,16320,-4452
113986,1139873,980,16338,-4498
113987,1139883,1056,16306,-4482
113988,1139893,998,16340,-4612
113989,1139903,990,16318,-4338
113990,1139913,1022,16332,-4456
113991,1139923,1026,16342,-4510
113992,1139933,986,16312,-4526
113993,1139943,946,16334,-4402
113994,1139953,988,16342,-4536
113995,1139963,956,16318,-4566
113996,1139973,1026,16280,-4538
113997,1139983,998,16380,-4444
113998,1139993,946,16394,-4540
113999,1140003,1020,16304,-4482
114000,1140013,948,16312,-4466
114001,1140023,998,16338,-4674
114002,1140033,1012,16366,-4590
114003,1140043,952,16320,-4468
114004,1140053,956,16314,-4502
114005,1140063,888,16340,-4560
114006,1140073,960,16344,-4514
114007,1140083,966,16312,-4464
114008,1140093,970,16302,-4508
114009,1140103,970,16306,-4526
114010,1140113,972,16296,-4502
114011,1140123,1024,16312,-4528
114012,1140133,988,16338,-4474
114013,1140143,964,16290,-4536
114014,1140153,1008,16354,-4572
114015,1140163,974,16388,-4428
114016,1140173,978,16304,-4510
114017,1140183,960,16304,-4534
114018,1140193,954,16232,-4380
114019,1140203,970,16264,-4416
114020,1140213,964,16350,-4528
114021,1140223,952,16368,-4616
114022,1140233,996,16348,-4506
114023,1140243,926,16334,-4570
114024,1140253,1008,16290,-4584
114025,1140263,1018,16264,-4540
114026,1140273,1018,16300,-4414
114027,1140283,978,16276,-4510
114028,1140293,956,16340,-4468
114029,1140303,994,16360,-4590
114030,1140313,852,16340,-4584
114031,1140323,956,16326,-4508
114032,1140333,954,16390,-4512
114033,1140343,936,16242,-4520
114034,1140353,982,16264,-4358
114035,1140363,1000,16228,-4444
114036,1140373,1000,16372,-4554
114037,1140383,976,16312,-4566
114038,1140393,972,16302,-4532
114039,1140403,1028,16378,-4566
114040,1140413,992,16350,-4512
114041,1140423,978,16364,-4646
114042,1140433,942,16330,-4448
114043,1140443,1006,16280,-4462
114044,1140453,1048,16292,-4470
114045,1140463,972,16320,-4374
114046,1140473,1110,16408,-4446
114047,1140483,1032,16362,-4598
114048,1140493,976,16338,-4590
114049,1140503,976,16352,-4542
114050,1140513,958,16276,-4462
114051,1140523,966,16278,-4500
114052,1140533,964,16316,-4482
114053,1140543,998,16288,-4380
114054,1140553,1048,16286,-4566
114055,1140563,1022,16384,-4684
114056,1140573,984,16334,-4462
114057,1140583,940,16276,-4538
114058,1140593,1006,16288,-4472
114059,1140603,1044,16266,-4492
114060,1140613,944,16296,-4488
114061,1140623,954,16324,-4456
114062,1140633,976,16370,-4566
114063,1140643,1018,16406,-4516
114064,1140653,992,16316,-4470
114065,1140663,956,16270,-4590
114066,1140673,1008,16226,-4400
114067,1140683,1078,16260,-4454
114068,1140693,1002,16312,-4524
114069,1140703,1000,16304,-4524
114070,1140713,948,16406,-4456
114071,1140723,958,16378,-4486
114072,1140733,954,16340,-4588
114073,1140743,1018,16328,-4450
114074,1140753,952,16260,-4420
114075,1140763,994,16320,-4444
114076,1140773,996,16346,-4530
114077,1140783,978,16382,-4596
114078,1140793,976,16346,-4556
114079,1140803,972,16352,-4506
114080,1140813,954,16284,-4450
114081,1140823,1014,16278,-4466
114082,1140833,982,16290,-4468
114083,1140843,1018,16304,-4470
114084,1140853,978,16370,-4498
114085,1140863,1084,16376,-4546
114086,1140873,998,16340,-4602
114087,1140883,980,16340,-4514
114088,1140893,982,16302,-4516
114089,1140903,972,16288,-4364
114090,1140913,1050,16270,-4484
114091,1140923,952,16314,-4488
114092,1140933,1006,16302,-4530
114093,1140943,906,16340,-4564
114094,1140953,960,16348,-4556
114095,1140963,972,16306,-4478
114096,1140973,1050,16340,-4576
114097,1140983,976,16338,-4430
114098,1140993,970,16276,-4416
114099,1141003,1056,16326,-4562
114100,1141013,960,16292,-4452
114101,1141023,914,16308,-4538
114102,1141033,998,16386,-4492
114103,1141043,912,16280,-4550
114104,1141053,958,16294,-4506
114105,1141063,980,16336,-4460
114106,1141073,976,16298,-4524
114107,1141083,958,16334,-4558
114108,1141093,954,16286,-4610
114109,1141103,994,16300,-4496
114110,1141113,988,16284,-4428
114111,1141123,958,16374,-4584
114112,1141133,942,16298,-4484
114113,1141143,1022,16320,-4582
114114,1141153,1012,16326,-4354
114115,1141163,986,16328,-4562
114116,1141173,950,16312,-4530
114117,1141183,988,16314,-4476
114118,1141193,988,16386,-4524
114119,1141203,1010,16336,-4546
114120,1141213,964,16292,-4496
114121,1141223,1018,16316,-4454
114122,1141233,1000,16320,-4464
114123,1141243,1004,16282,-4502
114124,1141253,1014,16332,-4410
114125,1141263,990,16304,-4450
114126,1141273,992,16344,-4576
114127,1141283,1010,16320,-4464
114128,1141293,994,16336,-4482
114129,1141303,974,16298,-4498
114130,1141313,906,16296,-4474
114131,1141323,1048,16354,-4498
114132,1141333,982,16336,-4544
114133,1141343,1022,16282,-4518
114134,1141353,988,16334,-4602
114135,1141363,1026,16336,-4508
114136,1141373,990,16294,-4522
114137,1141383,960,16362,-4468
114138,1141393,1002,16294,-4578
114139,1141403,1006,16338,-4432
114140,1141413,994,16358,-4486
114141,1141423,984,16352,-4586
114142,1141433,990,16334,-4582
114143,1141443,970,16266,-4508
114144,1141453,928,16310,-4544
114145,1141463,996,16316,-4518
114146,1141473,1004,16298,-4436
114147,1141483,996,16348,-4498
114148,1141493,1010,16390,-4474
114149,1141503,1002,16356,-4538
114150,1141513,1008,16354,-4526
114151,1141523,980,16350,-4428
114152,1141533,996,16266,-4446
114153,1141543,970,16336,-4540
114154,1141553,952,16360,-4538
114155,1141563,974,16368,-4528
114156,1141573,984,16358,-4502
114157,1141583,950,16342,-4516
114158,1141593,904,16300,-4548
114159,1141603,1080,16338,-4520
114160,1141613,1034,16266,-4438
114161,1141623,1000,16274,-4476
114162,1141633,988,16308,-4408
114163,1141643,998,16358,-4452
114164,1141653,1060,16402,-4634
114165,1141663,934,16342,-4490
114166,1141673,998,16372,-4526
114167,1141683,1006,16280,-4488
114168,1141693,1046,16296,-4456
114169,1141703,976,16318,-4520
114170,1141713,986,16286,-4418
114171,1141723,932,16268,-4490
114172,1141733,1006,16306,-4558
114173,1141743,1020,16356,-4520
114174,1141753,988,16298,-4530
114175,1141763,996,16342,-4554
114176,1141773,1004,16394,-4516
114177,1141783,986,16370,-4500
114178,1141793,1016,16300,-4474
114179,1141803,964,16328,-4464
114180,1141813,980,16362,-4608
114181,1141823,962,16290,-4606
114182,1141833,1026,16350,-4516
114183,1141843,1022,16326,-4528
114184,1141853,868,16292,-4398
114185,1141863,948,16330,-4466
114186,1141873,968,16300,-4530
114187,1141883,966,16336,-4460
114188,1141893,954,16324,-4508
114189,1141903,1020,16316,-4546
114190,1141913,1042,16348,-4524
114191,1141923,974,16302,-4630
114192,1141933,958,16350,-4490
114193,1141943,982,16334,-4484
114194,1141953,916,16316,-4448
114195,1141963,1008,16320,-4450
114196,1141973,1046,16340,-4474
114197,1141983,1042,16368,-4386
114198,1141993,1084,16350,-4616
114199,1142003,998,16348,-4388
114200,1142013,1018,16324,-4522
114201,1142023,1016,16340,-4536
114202,1142033,1044,16338,-4436
114203,1142043,938,16300,-4470
114204,1142053,990,16308,-4428
114205,1142063,958,16336,-4498
114206,1142073,1046,16342,-4474
114207,1142083,1030,16364,-4550
114208,1142093,1030,16342,-4444
114209,1142103,1006,16320,-4478
114210,1142113,990,16348,-4400
114211,1142123,1010,16284,-4532
114212,1142133,912,16292,-4446
114213,1142143,1000,16340,-4672
114214,1142153,940,16348,-4484
114215,1142163,1008,16344,-4520
114216,1142173,1016,16348,-4486
114217,1142183,930,16322,-4600
114218,1142193,1036,16358,-4614
114219,1142203,1072,16338,-4556
114220,1142213,960,16344,-4458
114221,1142223,984,16332,-4516
114222,1142233,996,16324,-4440
114223,1142243,1018,16344,-4556
114224,1142253,964,16338,-4468
114225,1142263,980,16362,-4494
114226,1142273,982,16334,-4404
114227,1142283,960,16332,-4570
114228,1142293,984,16324,-4560
114229,1142303,954,16286,-4638
114230,1142313,992,16292,-4444
114231,1142323,904,16284,-4464
114232,1142333,1014,16294,-4488
114233,1142343,1002,16390,-4572
114234,1142353,966,16346,-4458
114235,1142363,946,16412,-4578
114236,1142373,990,16352,-4528
114237,1142383,990,16332,-4586
114238,1142393,1026,16326,-4732
114239,1142403,1044,16332,-4434
114240,1142413,964,16284,-4500
114241,1142423,958,16284,-4516
114242,1142433,994,16332,-4486
114243,1142443,1018,16382,-4484
114244,1142453,980,16366,-4528
114245,1142463,958,16304,-4516
114246,1142473,1000,16302,-4442
114247,1142483,1056,16304,-4614
114248,1142493,968,16310,-4500
114249,1142503,958,16330,-4480
114250,1142513,924,16316,-4458
114251,1142523,1014,16344,-4512
114252,1142533,1052,16330,-4488
114253,1142543,996,16332,-4522
114254,1142553,926,16290,-4478
114255,1142563,1052,16348,-4444
114256,1142573,962,16366,-4482
114257,1142583,954,16290,-4476
114258,1142593,898,16290,-4518
114259,1142603,990,16326,-4486
114260,1142613,1024,16328,-4482
114261,1142623,964,16338,-4478
114262,1142633,918,16348,-4520
114263,1142643,988,16308,-4574
114264,1142653,984,16354,-4440
114265,1142663,1008,16362,-4456
114266,1142673,1096,16326,-4508
114267,1142683,952,16370,-4586
114268,1142693,974,16352,-4486
114269,1142703,1034,16348,-4568
114270,1142713,902,16242,-4454
114271,1142723,1108,16360,-4628
114272,1142733,1046,16326,-4326
114273,1142743,984,16326,-4554
114274,1142753,964,16308,-4410
114275,1142763,1048,16364,-4632
114276,1142773,966,16304,-4436
114277,1142783,980,16326,-4586
114278,1142793,1070,16350,-4434
114279,1142803,914,16322,-4436
114280,1142813,1022,16328,-4490
114281,1142823,970,16334,-4452
114282,1142833,948,16288,-4486
114283,1142843,988,16308,-4544
114284,1142853,974,16288,-4536
114285,1142863,1008,16338,-4570
114286,1142873,1124,16384,-4452
114287,1142883,968,16360,-4466
114288,1142893,968,16338,-4522
114289,1142903,1014,16318,-4560
114290,1142913,964,16274,-4486
114291,1142923,1058,16318,-4538
114292,1142933,962,16322,-4478
114293,1142943,954,16358,-4496
114294,1142953,966,16320,-4558
114295,1142963,992,16298,-4504
114296,1142973,1008,16354,-4542
114297,1142983,974,16322,-4584
114298,1142993,968,16286,-4454
114299,1143003,984,16292,-4392
114300,1143013,974,16322,-4488
114301,1143023,986,16318,-4468
114302,1143033,1036,16300,-4460
114303,1143043,974,16316,-4616
114304,1143053,974,16364,-4528
114305,1143063,1006,16308,-4518
114306,1143073,958,16316,-4542
114307,1143083,1000,16364,-4458
114308,1143093,1006,16368,-4526
114309,1143103,1034,16362,-4484
114310,1143113,1066,16360,-4486
114311,1143123,946,16298,-4592
114312,1143133,1012,16356,-4572
114313,1143143,1006,16344,-4516
114314,1143153,994,16356,-4554
114315,1143163,974,16346,-4566
114316,1143173,936,16360,-4508
114317,1143183,988,16298,-4434
114318,1143193,1036,16314,-4480
114319,1143203,970,16332,-4466
114320,1143213,1022,16330,-4560
114321,1143223,1074,16326,-4502
114322,1143233,972,16334,-4486
114323,1143243,914,16288,-4422
114324,1143253,998,16378,-4536
114325,1143263,980,16346,-4582
114326,1143273,1084,16314,-4704
114327,1143283,1018,16338,-4496
114328,1143293,992,16336,-4560
114329,1143303,1076,16342,-4452
114330,1143313,1006,16298,-4510
114331,1143323,978,16262,-4476
114332,1143333,998,16294,-4390
114333,1143343,1064,16320,-4552
114334,1143353,964,16328,-4496
114335,1143363,1026,16388,-4508
114336,1143373,966,16358,-4480
114337,1143383,1014,16346,-4602
114338,1143393,930,16336,-4530
114339,1143403,950,16326,-4534
114340,1143413,978,16336,-4412
114341,1143423,1040,16288,-4534
114342,1143433,976,16270,-4412
114343,1143443,956,16344,-4474
114344,1143453,1020,16362,-4620
114345,1143463,866,16318,-4664
114346,1143473,1052,16434,-4624
114347,1143483,1006,16356,-4710
114348,1143493,962,16328,-4472
114349,1143503,944,16284,-4538
114350,1143513,946,16300,-4432
114351,1143523,982,16300,-4442
114352,1143533,988,16314,-4490
114353,1143543,954,16314,-4606
114354,1143553,996,16340,-4430
114355,1143563,936,16374,-4664
114356,1143573,960,16318,-4672
114357,1143583,880,16330,-4528
114358,1143593,810,16298,-4436
114359,1143603,902,16280,-4528
114360,1143613,1024,16290,-4442
114361,1143623,1054,16316,-4432
114362,1143633,1126,16344,-4442
114363,1143643,1064,16350,-4550
114364,1143653,968,16346,-4632
114365,1143663,996,16378,-4628
114366,1143673,942,16330,-4396
114367,1143683,936,16324,-4478
114368,1143693,1002,16320,-4462
114369,1143703,1020,16296,-4472
114370,1143713,970,16258,-4486
114371,1143723,1010,16304,-4486
114372,1143733,996,16382,-4642
114373,1143743,1014,16352,-4538
114374,1143753,992,16338,-4492
114375,1143763,1016,16310,-4574
114376,1143773,1034,16268,-4532
114377,1143783,1012,16332,-4432
114378,1143793,968,16360,-4594
114379,1143803,1002,16344,-4520
114380,1143813,988,16342,-4584
114381,1143823,960,16360,-4504
114382,1143833,994,16306,-4630
114383,1143843,986,16242,-4460
114384,1143853,982,16286,-4524
114385,1143863,994,16316,-4438
114386,1143873,996,16386,-4484
114387,1143883,974,16390,-4504
114388,1143893,952,16340,-4504
114389,1143903,1012,16330,-4512
114390,1143913,1004,16340,-4486
114391,1143923,1014,16268,-4452
114392,1143933,990,16280,-4440
114393,1143943,956,16314,-4454
114394,1143953,980,16322,-4486
114395,1143963,976,16330,-4568
114396,1143973,978,16318,-4626
114397,1143983,1014,16332,-4464
114398,1143993,938,16316,-4594
114399,1144003,1042,16336,-4478
114400,1144013,980,16340,-4418
114401,1144023,978,16270,-4502
114402,1144033,986,16314,-4582
114403,1144043,988,16332,-4550
114404,1144053,982,16334,-4546
114405,1144063,932,16342,-4410
114406,1144073,936,16334,-4606
114407,1144083,966,16326,-4472
114408,1144093,1032,16322,-4576
114409,1144103,1008,16310,-4452
114410,1144113,962,16266,-4482
114411,1144123,948,16358,-4580
114412,1144133,966,16336,-4522
114413,1144143,1024,16328,-4506
114414,1144153,980,16382,-4472
114415,1144163,988,16332,-4540
114416,1144173,994,16344,-4516
114417,1144183,1030,16334,-4626
114418,1144193,1012,16346,-4614
114419,1144203,1000,16320,-4508
114420,1144213,1008,16334,-4494
114421,1144223,1026,16326,-4466
114422,1144233,1024,16280,-4456
114423,1144243,1024,16362,-4448
114424,1144253,1032,16324,-4544
114425,1144263,1002,16340,-4650
114426,1144273,1016,16340,-4528
114427,1144283,1008,16322,-4558
114428,1144293,1020,16300,-4532
114429,1144303,1024,16316,-4582
114430,1144313,990,16304,-4494
114431,1144323,1002,16348,-4442
114432,1144333,986,16280,-4400
114433,1144343,948,16278,-4546
114434,1144353,984,16296,-4546
114435,1144363,928,16360,-4476
114436,1144373,992,16356,-4586
114437,1144383,1048,16340,-4580
114438,1144393,994,16322,-4466
114439,1144403,1002,16360,-4474
114440,1144413,1044,16300,-4546
114441,1144423,980,16352,-4548
114442,1144433,992,16394,-4698
114443,1144443,970,16330,-4536
114444,1144453,1006,16304,-4480
114445,1144463,938,16290,-4400
114446,1144473,946,16260,-4472
114447,1144483,982,16318,-4440
114448,1144493,984,16318,-4500
114449,1144503,1014,16322,-4516
114450,1144513,998,16350,-4498
114451,1144523,1010,16324,-4590
114452,1144533,984,16298,-4488
114453,1144543,1032,16364,-4544
114454,1144553,936,16310,-4468
114455,1144563,982,16306,-4410
114456,1144573,986,16296,-4402
114457,1144583,1014,16278,-4494
114458,1144593,994,16314,-4540
114459,1144603,990,16318,-4594
114460,1144613,948,16366,-4542
114461,1144623,972,16382,-4630
114462,1144633,1000,16334,-4460
114463,1144643,980,16346,-4514
114464,1144653,1016,16260,-4542
114465,1144663,996,16294,-4536
114466,1144673,1006,16320,-4430
114467,1144683,984,16372,-4434
114468,1144693,990,16348,-4610
114469,1144703,954,16382,-4570
114470,1144713,968,16326,-4500
114471,1144723,996,16304,-4536
114472,1144733,974,16324,-4418
114473,1144743,964,16324,-4436
114474,1144753,982,16328,-4506
114475,1144763,962,16350,-4538
114476,1144773,966,16364,-4550
114477,1144783,956,16306,-4466
114478,1144793,964,16344,-4510
114479,1144803,988,16330,-4478
114480,1144813,934,16324,-4534
114481,1144823,996,16298,-4470
114482,1144833,966,16314,-4336
114483,1144843,974,16312,-4376
114484,1144853,1030,16332,-4616
114485,1144863,968,16356,-4490
114486,1144873,984,16384,-4552
114487,1144883,964,16352,-4560
114488,1144893,1008,16322,-4454
114489,1144903,1002,16314,-4444
114490,1144913,988,16304,-4518
114491,1144923,1078,16302,-4414
114492,1144933,1008,16304,-4480
114493,1144943,1004,16348,-4508
114494,1144953,986,16398,-4682
114495,1144963,982,16354,-4536
114496,1144973,962,16292,-4442
114497,1144983,972,16260,-4476
114498,1144993,970,16288,-4376
114499,1145003,928,16350,-4546
114500,1145013,940,16300,-4532
114501,1145023,1016,16366,-4364
114502,1145033,1004,16364,-4532
114503,1145043,972,16324,-4594
114504,1145053,1014,16300,-4524
114505,1145063,1004,16280,-4456
114506,1145073,960,16296,-4474
114507,1145083,964,16312,-4500
114508,1145093,986,16360,-4530
114509,1145103,992,16306,-4558
114510,1145113,998,16308,-4556
114511,1145123,1004,16298,-4572
114512,1145133,972,16256,-4486
114513,1145143,978,16294,-4368
114514,1145153,986,16318,-4434
114515,1145163,990,16344,-4562
114516,1145173,1022,16320,-4440
114517,1145183,1010,16354,-4568
114518,1145193,974,16336,-4572
114519,1145203,1010,16384,-4488
114520,1145213,984,16404,-4498
114521,1145223,946,16338,-4534
114522,1145233,980,16354,-4570
114523,1145243,986,16274,-4468
114524,1145253,968,16298,-4462
114525,1145263,934,16318,-4458
114526,1145273,964,16314,-4544
114527,1145283,976,16330,-4590
114528,1145293,1040,16334,-4536
114529,1145303,1032,16354,-4490
114530,1145313,1002,16356,-4530
114531,1145323,954,16380,-4542
114532,1145333,970,16328,-4498
114533,1145343,954,16306,-4446
114534,1145353,936,16302,-4498
114535,1145363,996,16298,-4506
114536,1145373,948,16326,-4524
114537,1145383,954,16374,-4628
114538,1145393,956,16350,-4520
114539,1145403,1032,16324,-4484
114540,1145413,952,16302,-4450
114541,1145423,1006,16322,-4438
114542,1145433,928,16270,-4614
114543,1145443,960,16290,-4450
114544,1145453,996,16368,-4564
114545,1145463,1046,16358,-4646
114546,1145473,966,16346,-4534
114547,1145483,1016,16332,-4442
114548,1145493,972,16288,-4476
114549,1145503,1008,16328,-4418
114550,1145513,976,16332,-4538
114551,1145523,1032,16394,-4560
114552,1145533,1008,16352,-4660
114553,1145543,960,16420,-4608
114554,1145553,1004,16356,-4578
114555,1145563,1172,16350,-4496
114556,1145573,1006,16358,-4484
114557,1145583,1036,16346,-4402
114558,1145593,970,16294,-4508
114559,1145603,986,16206,-4458
114560,1145613,1096,16234,-4460
114561,1145623,1094,16354,-4596
114562,1145633,1000,16388,-4636
114563,1145643,1030,16380,-4488
114564,1145653,1018,16356,-4472
114565,1145663,944,16306,-4516
114566,1145673,942,16216,-4556
114567,1145683,1040,16256,-4418
114568,1145693,998,16300,-4522
114569,1145703,954,16338,-4602
114570,1145713,1044,16324,-4438
114571,1145723,1086,16300,-4590
114572,1145733,992,16300,-4286
114573,1145743,938,16322,-4458
114574,1145753,966,16288,-4534
114575,1145763,912,16262,-4578
114576,1145773,1042,16324,-4642
114577,1145783,980,16382,-4682
114578,1145793,1080,16340,-4492
114579,1145803,1004,16328,-4544
114580,1145813,996,16346,-4434
114581,1145823,1008,16332,-4498
114582,1145833,938,16322,-4546
114583,1145843,916,16346,-4548
114584,1145853,1038,16348,-4654
114585,1145863,1096,16352,-4480
114586,1145873,1042,16312,-4456
114587,1145883,978,16304,-4412
114588,1145893,1004,16308,-4548
114589,1145903,922,16264,-4392
114590,1145913,978,16314,-4458
114591,1145923,994,16372,-4614
114592,1145933,1036,16382,-4594
114593,1145943,1020,16358,-4562
114594,1145953,930,16292,-4474
114595,1145963,1044,16284,-4514
114596,1145973,1022,16332,-4496
114597,1145983,970,16382,-4484
114598,1145993,996,16334,-4426
114599,1146003,968,16334,-4588
114600,1146013,1030,16340,-4564
114601,1146023,958,16290,-4550
114602,1146033,990,16328,-4434
114603,1146043,1010,16362,-4488
114604,1146053,1032,16334,-4642
114605,1146063,1004,16320,-4554
114606,1146073,854,16328,-4556
114607,1146083,1008,16290,-4536
114608,1146093,942,16292,-4492
114609,1146103,1030,16294,-4354
114610,1146113,976,16316,-4468
114611,1146123,954,16284,-4546
114612,1146133,920,16360,-4560
114613,1146143,1004,16368,-4494
114614,1146153,944,16392,-4564
114615,1146163,984,16340,-4524
114616,1146173,998,16322,-4504
114617,1146183,972,16322,-4596
114618,1146193,1004,16308,-4432
114619,1146203,948,16346,-4564
114620,1146213,994,16346,-4546
114621,1146223,966,16278,-4704
114622,1146233,946,16248,-4460
114623,1146243,1022,16302,-4514
114624,1146253,1062,16386,-4594
114625,1146263,1022,16382,-4602
114626,1146273,874,16388,-4500
114627,1146283,996,16376,-4570
114628,1146293,1032,16302,-4420
114629,1146303,960,16254,-4470
114630,1146313,956,16240,-4410
114631,1146323,976,16294,-4480
114632,1146333,996,16314,-4454
114633,1146343,966,16372,-4606
114634,1146353,1058,16370,-4494
114635,1146363,998,16320,-4508
114636,1146373,954,16288,-4542
114637,1146383,962,16258,-4394
114638,1146393,992,16312,-4480
114639,1146403,966,16346,-4438
114640,1146413,988,16316,-4528
114641,1146423,1040,16326,-4510
114642,1146433,1012,16320,-4524
114643,1146443,984,16318,-4544
114644,1146453,992,16316,-4476
114645,1146463,1040,16326,-4458
114646,1146473,988,16302,-4462
114647,1146483,996,16324,-4442
114648,1146493,978,16292,-4462
114649,1146503,1024,16368,-4496
114650,1146513,996,16348,-4470
114651,1146523,974,16370,-4608
114652,1146533,1038,16374,-4578
114653,1146543,980,16372,-4642
114654,1146553,1064,16324,-4588
114655,1146563,960,16284,-4476
114656,1146573,934,16316,-4458
114657,1146583,898,16240,-4474
114658,1146593,924,16310,-4440
114659,1146603,1014,16378,-4542
114660,1146613,1020,16334,-4496
114661,1146623,962,16346,-4602
114662,1146633,924,16342,-4554
114663,1146643,1024,16336,-4526
114664,1146653,1032,16306,-4518
114665,1146663,940,16312,-4464
114666,1146673,970,16236,-4466
114667,1146683,1028,16322,-4526
114668,1146693,998,16368,-4542
114669,1146703,962,16312,-4530
114670,1146713,940,16362,-4440
114671,1146723,950,16342,-4596
114672,1146733,1030,16318,-4686
114673,1146743,896,16328,-4508
114674,1146753,888,16358,-4514
114675,1146763,1062,16386,-4516
114676,1146773,1056,16322,-4396
114677,1146783,1028,16284,-4464
114678,1146793,1004,16258,-4536
114679,1146803,1020,16302,-4484
114680,1146813,1022,16366,-4494
114681,1146823,992,16384,-4482
114682,1146833,956,16402,-4440
114683,1146843,980,16324,-4560
114684,1146853,1018,16330,-4414
114685,1146863,1024,16310,-4446
114686,1146873,1002,16320,-4644
114687,1146883,1004,16274,-4518
114688,1146893,1008,16330,-4518
114689,1146903,980,16316,-4422
114690,1146913,1002,16312,-4478
114691,1146923,1018,16366,-4530
114692,1146933,980,16322,-4482
114693,1146943,950,16336,-4540
114694,1146953,984,16372,-4608
114695,1146963,998,16346,-4486
114696,1146973,976,16314,-4442
114697,1146983,1004,16270,-4386
114698,1146993,970,16334,-4600
114699,1147003,974,16322,-4484
114700,1147013,1002,16348,-4498
114701,1147023,994,16344,-4442
114702,1147033,986,16318,-4644
114703,1147043,954,16342,-4370
114704,1147053,974,16374,-4570
114705,1147063,998,16296,-4460
114706,1147073,1024,16290,-4428
114707,1147083,998,16304,-4426
114708,1147093,990,16352,-4442
114709,1147103,942,16314,-4540
114710,1147113,990,16326,-4514
114711,1147123,978,16298,-4514
114712,1147133,960,16252,-4590
114713,1147143,1014,16330,-4520
114714,1147153,1026,16326,-4516
114715,1147163,988,16350,-4450
114716,1147173,1012,16308,-4468
114717,1147183,944,16360,-4550
114718,1147193,972,16366,-4664
114719,1147203,996,16304,-4614
114720,1147213,944,16276,-4412
114721,1147223,994,16278,-4598
114722,1147233,980,16322,-4476
114723,1147243,988,16328,-4510
114724,1147253,970,16356,-4572
114725,1147263,988,16284,-4570
114726,1147273,982,16268,-4446
114727,1147283,994,16310,-4504
114728,1147293,970,16372,-4594
114729,1147303,1056,16388,-4402
114730,1147313,1034,16348,-4344
114731,1147323,978,16272,-4458
114732,1147333,1044,16316,-4496
114733,1147343,1010,16306,-4524
114734,1147353,906,16316,-4476
114735,1147363,878,16272,-4478
114736,1147373,950,16372,-4476
114737,1147383,942,16402,-4576
114738,1147393,962,16300,-4482
114739,1147403,1040,16358,-4446
114740,1147413,956,16274,-4392
114741,1147423,1088,16300,-4576
114742,1147433,1090,16294,-4560
114743,1147443,956,16294,-4414
114744,1147453,1050,16320,-4482
114745,1147463,1014,16374,-4620
114746,1147473,1030,16374,-4500
114747,1147483,1028,16370,-4484
114748,1147493,940,16348,-4590
114749,1147503,952,16318,-4470
114750,1147513,994,16262,-4498
114751,1147523,1068,16334,-4506
114752,1147533,1066,16322,-4450
114753,1147543,1042,16386,-4538
114754,1147553,1120,16386,-4510
114755,1147563,962,16292,-4552
114756,1147573,1016,16314,-4444
114757,1147583,1096,16350,-4480
114758,1147593,942,16292,-4496
114759,1147603,956,16262,-4570
114760,1147613,936,16302,-4506
114761,1147623,1018,16336,-4584
114762,1147633,956,16332,-4524
114763,1147643,1034,16332,-4562
114764,1147653,896,16316,-4384
114765,1147663,966,16304,-4608
114766,1147673,978,16326,-4466
114767,1147683,982,16284,-4466
114768,1147693,1044,16356,-4588
114769,1147703,960,16374,-4580
114770,1147713,976,16382,-4590
114771,1147723,1006,16316,-4534
114772,1147733,1022,16294,-4540
114773,1147743,988,16318,-4420
114774,1147753,990,16310,-4478
114775,1147763,992,16298,-4508
114776,1147773,982,16380,-4488
114777,1147783,1022,16368,-4576
114778,1147793,1018,16358,-4454
114779,1147803,960,16330,-4462
114780,1147813,1098,16350,-4614
114781,1147823,1068,16298,-4508
114782,1147833,1062,16346,-4530
114783,1147843,940,16304,-4432
114784,1147853,998,16340,-4482
114785,1147863,1010,16374,-4514
114786,1147873,1004,16370,-4440
114787,1147883,1016,16342,-4520
114788,1147893,914,16322,-4550
114789,1147903,976,16296,-4458
114790,1147913,900,16338,-4546
114791,1147923,1046,16338,-4520
114792,1147933,1042,16356,-4596
114793,1147943,962,16366,-4602
114794,1147953,964,16306,-4476
114795,1147963,974,16322,-4544
114796,1147973,988,16388,-4508
114797,1147983,986,16318,-4562
114798,1147993,974,16310,-4538
114799,1148003,1026,16346,-4480
114800,1148013,1016,16370,-4496
114801,1148023,1002,16332,-4504
114802,1148033,980,16308,-4466
114803,1148043,980,16318,-4572
114804,1148053,934,16336,-4494
114805,1148063,980,16324,-4492
114806,1148073,1018,16336,-4526
114807,1148083,970,16330,-4532
114808,1148093,992,16302,-4648
114809,1148103,920,16298,-4532
114810,1148113,1020,16298,-4452
114811,1148123,1030,16334,-4534
114812,1148133,972,16298,-4368
114813,1148143,982,16300,-4488
114814,1148153,1000,16318,-4516
114815,1148163,1006,16380,-4472
114816,1148173,1008,16410,-4472
114817,1148183,970,16392,-4508
114818,1148193,982,16362,-4484
114819,1148203,860,16310,-4642
114820,1148213,1012,16308,-4686
114821,1148223,992,16272,-4376
114822,1148233,900,16282,-4388
114823,1148243,1012,16288,-4406
114824,1148253,930,16234,-4504
114825,1148263,994,16326,-4444
114826,1148273,906,16334,-4578
114827,1148283,996,16354,-4590
114828,1148293,1008,16332,-4628
114829,1148303,1008,16276,-4444
114830,1148313,886,16280,-4464
114831,1148323,1026,16256,-4276
114832,1148333,966,16342,-4538
114833,1148343,1024,16374,-4584
114834,1148353,1014,16390,-4658
114835,1148363,1030,16328,-4462
114836,1148373,936,16310,-4468
114837,1148383,902,16340,-4494
114838,1148393,1016,16330,-4458
114839,1148403,900,16286,-4442
114840,1148413,960,16344,-4482
114841,1148423,980,16272,-4432
114842,1148433,1084,16308,-4666
114843,1148443,960,16308,-4468
114844,1148453,980,16300,-4470
114845,1148463,950,16370,-4432
114846,1148473,1028,16388,-4470
114847,1148483,954,16372,-4536
114848,1148493,968,16370,-4472
114849,1148503,1000,16362,-4604
114850,1148513,998,16332,-4524
114851,1148523,860,16298,-4538
114852,1148533,1032,16288,-4526
114853,1148543,1016,16304,-4504
114854,1148553,992,16292,-4392
114855,1148563,1060,16322,-4498
114856,1148573,1028,16328,-4514
114857,1148583,938,16370,-4478
114858,1148593,996,16378,-4628
114859,1148603,968,16368,-4548
114860,1148613,956,16320,-4468
114861,1148623,1026,16388,-4522
114862,1148633,948,16308,-4474
114863,1148643,1028,16290,-4432
114864,1148653,998,16290,-4586
114865,1148663,970,16336,-4520
114866,1148673,1022,16324,-4560
114867,1148683,970,16356,-4502
114868,1148693,1044,16336,-4490
114869,1148703,1060,16346,-4594
114870,1148713,1080,16326,-4482
114871,1148723,1020,16316,-4518
114872,1148733,906,16288,-4522
114873,1148743,1018,16376,-4522
114874,1148753,992,16344,-4596
114875,1148763,962,16362,-4498
114876,1148773,970,16384,-4524
114877,1148783,902,16326,-4454
114878,1148793,976,16332,-4588
114879,1148803,1034,16316,-4398
114880,1148813,998,16278,-4494
114881,1148823,964,16270,-4496
114882,1148833,978,16322,-4532
114883,1148843,1004,16338,-4560
114884,1148853,952,16340,-4542
114885,1148863,1036,16314,-4532
114886,1148873,972,16342,-4454
114887,1148883,986,16320,-4436
114888,1148893,968,16286,-4428
114889,1148903,968,16270,-4536
114890,1148913,964,16298,-4552
114891,1148923,978,16384,-4498
114892,1148933,966,16330,-4452
114893,1148943,974,16360,-4568
114894,1148953,908,16316,-4594
114895,1148963,1022,16312,-4504
114896,1148973,974,16356,-4510
114897,1148983,1018,16416,-4578
114898,1148993,1010,16386,-4488
114899,1149003,934,16326,-4516
114900,1149013,1054,16300,-4610
114901,1149023,942,16342,-4548
114902,1149033,966,16284,-4554
114903,1149043,966,16278,-4484
114904,1149053,990,16260,-4552
114905,1149063,990,16288,-4424
114906,1149073,954,16314,-4614
114907,1149083,992,16320,-4506
114908,1149093,938,16320,-4482
114909,1149103,954,16310,-4342
114910,1149113,990,16336,-4532
114911,1149123,1064,16324,-4472
114912,1149133,954,16296,-4582
114913,1149143,908,16284,-4486
114914,1149153,864,16316,-4438
114915,1149163,1006,16348,-4426
114916,1149173,842,16306,-4518
114917,1149183,1052,16364,-4502
114918,1149193,912,16332,-4546
114919,1149203,978,16326,-4460
114920,1149213,934,16282,-4538
114921,1149223,996,16266,-4434
114922,1149233,920,16280,-4498
114923,1149243,940,16370,-4540
114924,1149253,1014,16346,-4572
114925,1149263,988,16280,-4520
114926,1149273,1040,16286,-4474
114927,1149283,1054,16344,-4588
114928,1149293,970,16322,-4406
114929,1149303,954,16294,-4564
114930,1149313,1076,16364,-4460
114931,1149323,988,16320,-4600
114932,1149333,950,16304,-4576
114933,1149343,996,16318,-4594
114934,1149353,1064,16406,-4378
114935,1149363,1084,16390,-4488
114936,1149373,1024,16362,-4530
114937,1149383,986,16372,-4550
114938,1149393,1080,16370,-4500
114939,1149403,936,16306,-4470
114940,1149413,1028,16370,-4516
114941,1149423,960,16318,-4464
114942,1149433,1034,16326,-4446
114943,1149443,1008,16348,-4500
114944,1149453,990,16356,-4454
114945,1149463,992,16368,-4536
114946,1149473,1016,16324,-4534
114947,1149483,970,16340,-4464
114948,1149493,1044,16328,-4474
114949,1149503,950,16312,-4444
114950,1149513,958,16296,-4470
114951,1149523,920,16312,-4516
114952,1149533,1016,16380,-4524
114953,1149543,904,16330,-4524
114954,1149553,992,16384,-4538
114955,1149563,962,16348,-4590
114956,1149573,986,16320,-4506
114957,1149583,968,16278,-4478
114958,1149593,996,16298,-4476
114959,1149603,1006,16304,-4548
114960,1149613,962,16336,-4412
114961,1149623,894,16346,-4418
114962,1149633,1106,16392,-4532
114963,1149643,1084,16412,-4668
114964,1149653,938,16304,-4538
114965,1149663,1008,16316,-4582
114966,1149673,980,16258,-4370
114967,1149683,956,16236,-4546
114968,1149693,920,16270,-4330
114969,1149703,984,16372,-4408
114970,1149713,996,16354,-4430
114971,1149723,970,16344,-4584
114972,1149733,958,16352,-4522
114973,1149743,988,16314,-4546
114974,1149753,976,16296,-4442
114975,1149763,996,16294,-4566
114976,1149773,988,16318,-4416
114977,1149783,976,16298,-4536
114978,1149793,942,16270,-4544
114979,1149803,1010,16336,-4454
114980,1149813,964,16356,-4540
114981,1149823,948,16346,-4562
114982,1149833,938,16370,-4644
114983,1149843,956,16296,-4510
114984,1149853,930,16344,-4396
114985,1149863,1030,16318,-4486
114986,1149873,938,16292,-4442
114987,1149883,954,16290,-4456
114988,1149893,1066,16332,-4526
114989,1149903,1030,16362,-4504
114990,1149913,972,16352,-4564
114991,1149923,988,16356,-4554
114992,1149933,928,16334,-4454
114993,1149943,970,16308,-4526
114994,1149953,1000,16338,-4584
114995,1149963,1018,16272,-4444
114996,1149973,980,16338,-4470
114997,1149983,1012,16278,-4428
114998,1149993,948,16276,-4428
114999,1150003,950,16338,-4544
115000,1150013,1004,16392,-4556
115001,1150023,1014,16380,-4538
115002,1150033,1022,16360,-4462
115003,1150043,988,16366,-4444
115004,1150053,1002,16316,-4510
115005,1150063,1002,16318,-4598
115006,1150073,928,16306,-4436
115007,1150083,958,16292,-4524
115008,1150093,942,16318,-4384
115009,1150103,950,16328,-4490
115010,1150113,1074,16340,-4452
115011,1150123,916,16332,-4616
115012,1150133,1080,16358,-4404
115013,1150143,1146,16342,-4592
115014,1150153,1080,16338,-4500
115015,1150163,936,16274,-4634
115016,1150173,1044,16332,-4608
115017,1150183,962,16324,-4542
115018,1150193,1002,16332,-4498
115019,1150203,926,16246,-4474
115020,1150213,1014,16314,-4524
115021,1150223,990,16322,-4522
115022,1150233,980,16314,-4570
115023,1150243,982,16314,-4478
115024,1150253,1014,16344,-4588
115025,1150263,1000,16344,-4482
115026,1150273,1044,16324,-4506
115027,1150283,1026,16340,-4512
115028,1150293,1038,16356,-4462
115029,1150303,960,16338,-4504
115030,1150313,950,16328,-4530
115031,1150323,968,16334,-4516
115032,1150333,1010,16276,-4596
115033,1150343,954,16298,-4512
115034,1150353,1014,16368,-4478
115035,1150363,976,16360,-4458
115036,1150373,990,16294,-4386
115037,1150383,874,16316,-4534
115038,1150393,996,16360,-4440
115039,1150403,978,16310,-4546
115040,1150413,1038,16296,-4512
115041,1150423,1092,16400,-4516
115042,1150433,914,16348,-4598
115043,1150443,958,16344,-4526
115044,1150453,1042,16336,-4476
115045,1150463,992,16332,-4448
115046,1150473,1014,16354,-4526
115047,1150483,1054,16356,-4478
115048,1150493,1066,16342,-4420
115049,1150503,1148,16328,-4480
115050,1150513,920,16302,-4460
115051,1150523,988,16330,-4550
115052,1150533,1040,16356,-4522
115053,1150543,936,16362,-4474
115054,1150553,1010,16352,-4500
115055,1150563,1110,16394,-4518
115056,1150573,996,16356,-4584
115057,1150583,1042,16316,-4474
115058,1150593,848,16264,-4506
115059,1150603,956,16338,-4460
115060,1150613,940,16282,-4520
115061,1150623,920,16286,-4514
115062,1150633,1054,16322,-4560
115063,1150643,872,16300,-4480
115064,1150653,964,16382,-4554
115065,1150663,924,16342,-4488
115066,1150673,1032,16360,-4520
115067,1150683,1132,16410,-4652
115068,1150693,938,16338,-4438
115069,1150703,846,16282,-4508
115070,1150713,930,16284,-4490
115071,1150723,1016,16326,-4520
115072,1150733,950,16318,-4558
115073,1150743,1068,16348,-4522
115074,1150753,1032,16380,-4600
115075,1150763,1026,16364,-4464
115076,1150773,980,16346,-4610
115077,1150783,1078,16368,-4432
115078,1150793,972,16292,-4530
115079,1150803,960,16298,-4456
115080,1150813,948,16300,-4616
115081,1150823,1026,16324,-4454
115082,1150833,996,16340,-4606
115083,1150843,1004,16346,-4468
115084,1150853,1024,16318,-4512
115085,1150863,1002,16338,-4426
115086,1150873,984,16286,-4476
115087,1150883,984,16282,-4516
115088,1150893,1016,16356,-4542
115089,1150903,978,16368,-4498
115090,1150913,934,16326,-4558
115091,1150923,1028,16332,-4594
115092,1150933,940,16304,-4440
115093,1150943,1006,16318,-4404
115094,1150953,990,16348,-4534
115095,1150963,992,16314,-4522
115096,1150973,990,16374,-4490
115097,1150983,1036,16332,-4536
115098,1150993,1014,16302,-4532
115099,1151003,1022,16328,-4530
115100,1151013,950,16332,-4554
115101,1151023,994,16314,-4512
115102,1151033,990,16302,-4452
115103,1151043,986,16310,-4350
115104,1151053,990,16328,-4486
115105,1151063,938,16280,-4462
115106,1151073,934,16318,-4474
115107,1151083,970,16374,-4556
115108,1151093,962,16358,-4646
115109,1151103,934,16364,-4598
115110,1151113,954,16356,-4422
115111,1151123,942,16300,-4494
115112,1151133,996,16296,-4560
115113,1151143,964,16312,-4424
115114,1151153,974,16300,-4530
115115,1151163,992,16352,-4440
115116,1151173,986,16366,-4624
115117,1151183,962,16302,-4462
115118,1151193,998,16368,-4598
115119,1151203,996,16282,-4424
115120,1151213,982,16320,-4378
115121,1151223,944,16306,-4490
115122,1151233,886,16338,-4504
115123,1151243,1020,16330,-4490
115124,1151253,960,16346,-4548
115125,1151263,1066,16364,-4558
115126,1151273,936,16306,-4518
115127,1151283,962,16346,-4438
115128,1151293,990,16340,-4522
115129,1151303,924,16296,-4510
115130,1151313,1048,16310,-4526
115131,1151323,952,16294,-4578
115132,1151333,1010,16334,-4492
115133,1151343,950,16328,-4484
115134,1151353,908,16334,-4460
115135,1151363,932,16352,-4540
115136,1151373,980,16334,-4572
115137,1151383,922,16296,-4502
115138,1151393,960,16292,-4532
115139,1151403,988,16334,-4526
115140,1151413,982,16380,-4498
115141,1151423,980,16298,-4510
115142,1151433,936,16356,-4502
115143,1151443,1054,16330,-4494
115144,1151453,896,16316,-4476
115145,1151463,976,16318,-4566
115146,1151473,956,16320,-4496
115147,1151483,912,16266,-4518
115148,1151493,1000,16304,-4474
115149,1151503,938,16366,-4552
115150,1151513,968,16324,-4524
115151,1151523,988,16312,-4490
115152,1151533,1002,16314,-4510
115153,1151543,874,16268,-4432
115154,1151553,1018,16366,-4580
115155,1151563,914,16314,-4550
115156,1151573,1060,16388,-4492
115157,1151583,972,16354,-4512
115158,1151593,896,16320,-4548
115159,1151603,1060,16348,-4538
115160,1151613,1006,16302,-4504
115161,1151623,1024,16324,-4490
115162,1151633,1026,16336,-4580
115163,1151643,1024,16298,-4550
115164,1151653,950,16260,-4452
115165,1151663,1024,16314,-4628
115166,1151673,964,16312,-4560
115167,1151683,970,16366,-4484
115168,1151693,900,16360,-4472
115169,1151703,966,16380,-4446
115170,1151713,976,16324,-4558
115171,1151723,956,16338,-4502
115172,1151733,952,16300,-4534
115173,1151743,1040,16324,-4478
115174,1151753,978,16306,-4540
115175,1151763,964,16368,-4524
115176,1151773,946,16330,-4626
115177,1151783,1036,16324,-4550
115178,1151793,996,16306,-4472
115179,1151803,994,16312,-4540
115180,1151813,982,16340,-4530
115181,1151823,986,16290,-4542
115182,1151833,988,16336,-4430
115183,1151843,1004,16366,-4562
115184,1151853,936,16320,-4602
115185,1151863,996,16288,-4522
115186,1151873,910,16324,-4486
115187,1151883,952,16332,-4582
115188,1151893,950,16302,-4388
115189,1151903,990,16332,-4476
115190,1151913,1026,16328,-4466
115191,1151923,1018,16356,-4590
115192,1151933,1024,16382,-4478
115193,1151943,1034,16356,-4474
115194,1151953,926,16266,-4438
115195,1151963,1034,16340,-4520
115196,1151973,992,16308,-4570
115197,1151983,950,16368,-4568
115198,1151993,954,16306,-4462
115199,1152003,1000,16312,-4500
115200,1152013,1004,16328,-4580
115201,1152023,938,16342,-4620
115202,1152033,1080,16354,-4554
115203,1152043,938,16282,-4480
115204,1152053,910,16334,-4530
115205,1152063,1022,16362,-4530
115206,1152073,1076,16338,-4490
115207,1152083,954,16320,-4438
115208,1152093,1044,16338,-4422
115209,1152103,958,16356,-4528
115210,1152113,1016,16330,-4482
115211,1152123,1030,16334,-4622
115212,1152133,1002,16354,-4484
115213,1152143,970,16320,-4616
115214,1152153,954,16314,-4470
115215,1152163,974,16266,-4534
115216,1152173,1008,16306,-4432
115217,1152183,950,16296,-4528
115218,1152193,1096,16392,-4652
115219,1152203,1042,16350,-4512
115220,1152213,878,16274,-4570
115221,1152223,1000,16306,-4430
115222,1152233,978,16318,-4476
115223,1152243,978,16336,-4518
115224,1152253,1134,16368,-4520
115225,1152263,978,16380,-4524
115226,1152273,914,16306,-4470
115227,1152283,998,16356,-4480
115228,1152293,912,16282,-4468
115229,1152303,1024,16328,-4456
115230,1152313,944,16330,-4552
115231,1152323,966,16350,-4482
115232,1152333,1018,16308,-4564
115233,1152343,1012,16320,-4520
115234,1152353,940,16290,-4542
115235,1152363,988,16320,-4574
115236,1152373,902,16272,-4554
115237,1152383,902,16306,-4532
115238,1152393,944,16322,-4490
115239,1152403,902,16294,-4488
115240,1152413,1028,16356,-4536
115241,1152423,1094,16350,-4496
115242,1152433,1132,16362,-4580
115243,1152443,1024,16352,-4610
115244,1152453,1118,16374,-4528
115245,1152463,1100,16364,-4492
115246,1152473,1004,16336,-4528
115247,1152483,1058,16350,-4450
115248,1152493,1016,16332,-4370
115249,1152503,896,16282,-4506
115250,1152513,968,16318,-4462
115251,1152523,1102,16366,-4552
115252,1152533,982,16334,-4488
115253,1152543,1048,16332,-4576
115254,1152553,970,16330,-4506
115255,1152563,946,16304,-4440
115256,1152573,884,16320,-4510
115257,1152583,972,16332,-4424
115258,1152593,960,16310,-4498
115259,1152603,966,16324,-4564
115260,1152613,1128,16376,-4448
115261,1152623,1010,16334,-4542
115262,1152633,980,16332,-4554
115263,1152643,972,16316,-4618
115264,1152653,1002,16388,-4526
115265,1152663,940,16354,-4494
115266,1152673,1036,16328,-4502
115267,1152683,1002,16316,-4522
115268,1152693,898,16320,-4558
115269,1152703,1046,16356,-4544
115270,1152713,962,16340,-4516
115271,1152723,1082,16360,-4524
115272,1152733,1078,16290,-4566
115273,1152743,1028,16332,-4496
115274,1152753,1052,16334,-4532
115275,1152763,946,16308,-4482
115276,1152773,936,16276,-4492
115277,1152783,988,16350,-4456
115278,1152793,932,16356,-4560
115279,1152803,1032,16306,-4472
115280,1152813,1022,16312,-4546
115281,1152823,882,16294,-4574
115282,1152833,962,16298,-4578
115283,1152843,930,16258,-4572
115284,1152853,956,16304,-4556
115285,1152863,942,16354,-4598
115286,1152873,964,16342,-4426
115287,1152883,1046,16358,-4566
115288,1152893,960,16304,-4482
115289,1152903,902,16328,-4462
115290,1152913,978,16318,-4440
115291,1152923,1008,16282,-4496
115292,1152933,970,16334,-4456
115293,1152943,976,16342,-4528
115294,1152953,994,16352,-4594
115295,1152963,884,16332,-4556
115296,1152973,940,16302,-4556
115297,1152983,1020,16360,-4480
115298,1152993,1054,16406,-4574
115299,1153003,950,16360,-4462
115300,1153013,960,16322,-4454
115301,1153023,950,16356,-4538
115302,1153033,982,16346,-4558
115303,1153043,1006,16294,-4492
115304,1153053,954,16296,-4448
115305,1153063,1012,16362,-4512
115306,1153073,974,16338,-4522
115307,1153083,992,16374,-4554
115308,1153093,922,16362,-4536
115309,1153103,1008,16292,-4478
115310,1153113,952,16274,-4576
115311,1153123,1020,16250,-4544
115312,1153133,1000,16278,-4534
115313,1153143,1028,16354,-4490
115314,1153153,1008,16352,-4548
115315,1153163,1010,16370,-4494
115316,1153173,968,16354,-4602
115317,1153183,984,16338,-4524
115318,1153193,1002,16292,-4588
115319,1153203,964,16312,-4452
115320,1153213,1028,16278,-4484
115321,1153223,912,16270,-4500
115322,1153233,1000,16332,-4624
115323,1153243,970,16338,-4468
115324,1153253,1004,16350,-4532
115325,1153263,974,16294,-4512
115326,1153273,942,16334,-4566
115327,1153283,974,16324,-4508
115328,1153293,964,16276,-4504
115329,1153303,1074,16368,-4450
115330,1153313,1064,16348,-4392
115331,1153323,1062,16400,-4558
115332,1153333,966,16348,-4476
115333,1153343,1010,16384,-4472
115334,1153353,1140,16358,-4510
115335,1153363,1002,16304,-4516
115336,1153373,974,16292,-4440
115337,1153383,1026,16354,-4502
115338,1153393,892,16300,-4548
115339,1153403,948,16340,-4542
115340,1153413,998,16344,-4622
115341,1153423,994,16360,-4514
115342,1153433,922,16314,-4510
115343,1153443,970,16328,-4494
115344,1153453,942,16322,-4418
115345,1153463,982,16328,-4512
115346,1153473,1018,16340,-4476
115347,1153483,1004,16320,-4494
115348,1153493,944,16298,-4436
115349,1153503,1008,16326,-4568
115350,1153513,1016,16376,-4564
115351,1153523,986,16388,-4484
115352,1153533,954,16338,-4560
115353,1153543,958,16356,-4528
115354,1153553,1022,16328,-4492
115355,1153563,954,16310,-4372
